{"skeleton":{"hash":"eAPomyJlc7D88niVswJLjmAGrco","spine":"3.0.00","width":684.08,"height":649.75,"images":"./images/"},"bones":[{"name":"root"},{"name":"TCS-LOADingZI","parent":"root","x":0.11,"y":72.35},{"name":"TCS-LOADingYZZIYER","parent":"TCS-LOADingZI","x":183.77,"y":-33.86},{"name":"TCS-LOADingYZZIY","parent":"TCS-LOADingZI","x":-163.38,"y":-29.32},{"name":"TCS-LOADingYZZIBRT","parent":"TCS-LOADingZI","x":185.84,"y":-30.49},{"name":"TCS-LOADingYZZIB","parent":"TCS-LOADingZI","x":-166.89,"y":-28.15},{"name":"TCS-LOADingMMY","parent":"TCS-LOADingZI","x":-173.9,"y":-15.89},{"name":"TCS-LOADingMMER","parent":"TCS-LOADingZI","x":195.77,"y":-18.23},{"name":"TCS-LOADingFG","parent":"root","y":40.68,"scaleX":1.271,"scaleY":1.271}],"slots":[{"name":"TCS-LOADingFG","bone":"TCS-LOADingFG","attachment":"TCS-LOADingFG"},{"name":"TCS-LOADingZI","bone":"TCS-LOADingZI","attachment":"TCS-LOADingZI"},{"name":"TCS-LOADingYZZIB","bone":"TCS-LOADingYZZIB","attachment":"TCS-LOADingYZZIB"},{"name":"TCS-LOADingYZZIY","bone":"TCS-LOADingYZZIY","attachment":"TCS-LOADingYZZIY"},{"name":"TCS-LOADingMMY","bone":"TCS-LOADingMMY","attachment":"TCS-LOADingMMY"},{"name":"TCS-LOADingYZZIBRT","bone":"TCS-LOADingYZZIBRT","attachment":"TCS-LOADingYZZIBRT"},{"name":"TCS-LOADingYZZIYER","bone":"TCS-LOADingYZZIYER","attachment":"TCS-LOADingYZZIYER"},{"name":"TCS-LOADingMMER","bone":"TCS-LOADingMMER","attachment":"TCS-LOADingMMER"}],"skins":{"default":{"TCS-LOADingFG":{"TCS-LOADingFG":{"width":538,"height":511}},"TCS-LOADingMMER":{"TCS-LOADingMMER":{"x":-5.27,"y":-7.76,"width":47,"height":42}},"TCS-LOADingMMY":{"TCS-LOADingMMY":{"x":-3.52,"y":4.32,"width":47,"height":41}},"TCS-LOADingYZZIB":{"TCS-LOADingYZZIB":{"x":2.38,"y":-1.9,"width":49,"height":49}},"TCS-LOADingYZZIBRT":{"TCS-LOADingYZZIBRT":{"x":-0.34,"y":-4.57,"width":49,"height":49}},"TCS-LOADingYZZIY":{"TCS-LOADingYZZIY":{"x":-1.2,"y":-0.74,"width":16,"height":15}},"TCS-LOADingYZZIYER":{"TCS-LOADingYZZIYER":{"x":0.32,"y":-1.32,"width":16,"height":15}},"TCS-LOADingZI":{"TCS-LOADingZI":{"x":-4,"y":-29.14,"width":570,"height":280}}}},"animations":{"TCS-LOADing":{"bones":{"TCS-LOADingFG":{"rotate":[{"time":0,"angle":0},{"time":1.6666,"angle":180},{"time":3.3333,"angle":360}]},"TCS-LOADingYZZIY":{"translate":[{"time":0,"x":0,"y":0,"curve":"stepped"},{"time":0.3333,"x":0,"y":0},{"time":0.4,"x":8.53,"y":0},{"time":0.4666,"x":10.38,"y":0,"curve":"stepped"},{"time":1.3333,"x":10.38,"y":0},{"time":1.4,"x":-0.37,"y":0.37},{"time":1.4666,"x":-7.79,"y":0.37,"curve":"stepped"},{"time":3.2,"x":-7.79,"y":0.37},{"time":3.2666,"x":0,"y":0}]},"TCS-LOADingYZZIYER":{"translate":[{"time":0,"x":0,"y":0,"curve":"stepped"},{"time":0.3333,"x":0,"y":0},{"time":0.4,"x":6.28,"y":0},{"time":0.4666,"x":8.27,"y":0,"curve":"stepped"},{"time":1.3333,"x":8.27,"y":0},{"time":1.4,"x":0.33,"y":0},{"time":1.4666,"x":-7.61,"y":1.98,"curve":"stepped"},{"time":3.1666,"x":-7.61,"y":1.98},{"time":3.2666,"x":0,"y":0,"curve":"stepped"},{"time":3.3333,"x":0,"y":0}]},"TCS-LOADingZI":{"scale":[{"time":0,"x":1,"y":1},{"time":1.6666,"x":1.04,"y":1.04},{"time":3.3333,"x":1,"y":1}]}}}}}